Label,# Samples,Average,Median,90% Line,95% Line,99% Line,Min,Max,Error %,Throughput,Received KB/sec,Sent KB/sec
SP_T01_Launch/openmrs/login.htm-2,4,5462,5305,6258,6258,6258,4093,6258,0.000%,.01598,15.97,0.25
SP_T01_Launch/openmrs/login.htm-2-0,4,1370,1182,1654,1654,1654,1157,1654,0.000%,.01617,0.18,0.01
SP_T01_Launch/openmrs/login.htm-2-1,4,639,369,1031,1031,1031,282,1031,0.000%,.01626,0.02,0.01
SP_T01_Launch/openmrs/login.htm-2-2,4,922,1001,1376,1376,1376,280,1376,0.000%,.01622,0.02,0.01
SP_T01_Launch/openmrs/login.htm-2-3,4,1721,1586,2080,2080,2080,1468,2080,0.000%,.01617,1.54,0.01
SP_T01_Launch/openmrs/login.htm-2-4,4,2061,2019,2627,2627,2627,1315,2627,0.000%,.01613,3.74,0.01
SP_T01_Launch/openmrs/login.htm-2-5,4,1065,1004,1355,1355,1355,875,1355,0.000%,.01622,0.22,0.01
SP_T01_Launch/openmrs/login.htm-2-6,4,2389,1759,4358,4358,4358,1481,4358,0.000%,.01617,1.43,0.01
SP_T01_Launch/openmrs/login.htm-2-7,4,1418,1318,1688,1688,1688,1193,1688,0.000%,.01618,0.26,0.01
SP_T01_Launch/openmrs/login.htm-2-8,4,1063,1002,1351,1351,1351,870,1351,0.000%,.01622,0.11,0.01
SP_T01_Launch/openmrs/login.htm-2-9,4,457,300,943,943,943,277,943,0.000%,.01627,0.16,0.01
SP_T01_Launch/openmrs/login.htm-2-10,4,339,310,415,415,415,286,415,100.000%,.01626,0.00,0.01
SP_T01_Launch/openmrs/login.htm-2-11,4,1540,1440,2381,2381,2381,743,2381,0.000%,.01624,0.34,0.01
SP_T01_Launch/openmrs/login.htm-2-12,4,1743,1027,2999,2999,2999,929,2999,0.000%,.01624,0.93,0.01
SP_T01_Launch/openmrs/login.htm-2-13,4,1945,1282,3382,3382,3382,741,3382,0.000%,.01626,0.48,0.01
SP_T01_Launch/openmrs/login.htm-2-14,4,751,471,1657,1657,1657,274,1657,0.000%,.01627,0.04,0.01
SP_T01_Launch/openmrs/login.htm-2-15,4,1554,1099,2383,2383,2383,937,2383,0.000%,.01622,2.47,0.01
SP_T01_Launch/openmrs/login.htm-2-16,4,321,281,382,382,382,281,382,0.000%,.01629,0.01,0.01
SP_T01_Launch/openmrs/login.htm-2-17,4,1800,1162,2762,2762,2762,618,2762,0.000%,.01623,4.13,0.01
SP_T01_Launch/openmrs/login.htm-2-18,4,369,288,502,502,502,276,502,100.000%,.01629,0.02,0.01
SP_T01_Launch/openmrs/login.htm-2-19,4,1379,906,2267,2267,2267,284,2267,0.000%,.01630,0.10,0.01
Search_Patient_T01_Launch,4,5462,5305,6258,6258,6258,4093,6258,0.000%,.01598,15.97,0.25
RP_T01_Launch/openmrs/login.htm-2,4,6988,6828,9394,9394,9394,4667,9394,0.000%,.01476,14.75,0.23
RP_T01_Launch/openmrs/login.htm-2-0,4,1565,1242,2183,2183,2183,1170,2183,0.000%,.01507,0.17,0.01
RP_T01_Launch/openmrs/login.htm-2-1,4,956,371,2305,2305,2305,315,2305,0.000%,.01515,0.02,0.01
RP_T01_Launch/openmrs/login.htm-2-2,4,1191,1146,1971,1971,1971,286,1971,0.000%,.01511,0.02,0.01
RP_T01_Launch/openmrs/login.htm-2-3,4,2293,1744,3949,3949,3949,1454,3949,0.000%,.01507,1.43,0.01
RP_T01_Launch/openmrs/login.htm-2-4,4,3802,2285,8220,8220,8220,2071,8220,0.000%,.01504,3.48,0.01
RP_T01_Launch/openmrs/login.htm-2-5,4,1494,1144,2638,2638,2638,848,2638,0.000%,.01511,0.20,0.01
RP_T01_Launch/openmrs/login.htm-2-6,4,2382,1751,4282,4282,4282,1455,4282,0.000%,.01507,1.33,0.01
RP_T01_Launch/openmrs/login.htm-2-7,4,1082,849,1717,1717,1717,288,1717,0.000%,.01509,0.25,0.01
RP_T01_Launch/openmrs/login.htm-2-8,4,1425,1144,2631,2631,2631,568,2631,0.000%,.01511,0.10,0.01
RP_T01_Launch/openmrs/login.htm-2-9,4,1323,1159,2345,2345,2345,315,2345,0.000%,.01511,0.15,0.01
RP_T01_Launch/openmrs/login.htm-2-10,4,694,540,1000,1000,1000,347,1000,100.000%,.01510,0.00,0.01
RP_T01_Launch/openmrs/login.htm-2-11,4,1493,1155,3146,3146,3146,299,3146,0.000%,.01510,0.31,0.01
RP_T01_Launch/openmrs/login.htm-2-12,4,1076,629,1643,1643,1643,581,1643,0.000%,.01510,0.86,0.01
RP_T01_Launch/openmrs/login.htm-2-13,4,1708,1223,3745,3745,3745,549,3745,0.000%,.01513,0.45,0.01
RP_T01_Launch/openmrs/login.htm-2-14,4,793,851,1046,1046,1046,309,1046,0.000%,.01512,0.04,0.01
RP_T01_Launch/openmrs/login.htm-2-15,4,2428,1303,3838,3838,3838,938,3838,0.000%,.01495,2.28,0.01
RP_T01_Launch/openmrs/login.htm-2-16,4,310,292,341,341,341,285,341,0.000%,.01517,0.01,0.01
RP_T01_Launch/openmrs/login.htm-2-17,4,1190,956,1810,1810,1810,946,1810,0.000%,.01512,3.84,0.01
RP_T01_Launch/openmrs/login.htm-2-18,4,850,323,1775,1775,1775,278,1775,100.000%,.01516,0.01,0.01
RP_T01_Launch/openmrs/login.htm-2-19,4,701,313,1884,1884,1884,283,1884,0.000%,.01517,0.10,0.01
Patient_Registration_T01_Launch,4,6988,6828,9394,9394,9394,4667,9394,0.000%,.01476,14.75,0.23
SP_T02_Login/openmrs/login.htm-27,4,4399,3907,5178,5178,5178,3689,5178,0.000%,.01607,3.53,0.39
SP_T02_Login/openmrs/login.htm-27-0,4,296,288,320,320,320,284,320,0.000%,.01637,0.01,0.02
SP_T02_Login/openmrs/login.htm-27-1,4,625,544,853,853,853,543,853,0.000%,.01635,0.01,0.02
SP_T02_Login/openmrs/login.htm-27-2,4,841,669,1188,1188,1188,622,1188,0.000%,.01631,0.26,0.02
SP_T02_Login/openmrs/login.htm-27-3,4,322,302,384,384,384,277,384,0.000%,.01635,0.00,0.02
SP_T02_Login/openmrs/login.htm-27-4,4,721,384,1283,1283,1283,288,1283,0.000%,.01629,0.00,0.02
SP_T02_Login/openmrs/login.htm-27-5,4,783,384,1588,1588,1588,292,1588,0.000%,.01627,0.00,0.02
SP_T02_Login/openmrs/login.htm-27-6,4,715,293,1292,1292,1292,274,1292,0.000%,.01628,0.00,0.02
SP_T02_Login/openmrs/login.htm-27-7,4,782,292,1578,1578,1578,288,1578,0.000%,.01627,0.00,0.02
SP_T02_Login/openmrs/login.htm-27-8,4,861,870,1325,1325,1325,280,1325,0.000%,.01628,0.00,0.02
SP_T02_Login/openmrs/login.htm-27-9,4,949,929,1612,1612,1612,286,1612,0.000%,.01626,0.00,0.02
SP_T02_Login/openmrs/login.htm-27-10,4,927,872,1578,1578,1578,292,1578,0.000%,.01627,0.00,0.02
SP_T02_Login/openmrs/login.htm-27-11,4,468,293,980,980,980,277,980,0.000%,.01630,0.00,0.02
SP_T02_Login/openmrs/login.htm-27-12,4,443,277,926,926,926,276,926,0.000%,.01629,0.00,0.02
SP_T02_Login/openmrs/login.htm-27-13,4,439,279,922,922,922,275,922,0.000%,.01629,0.00,0.02
SP_T02_Login/openmrs/login.htm-27-14,4,442,278,932,932,932,277,932,0.000%,.01628,0.00,0.02
SP_T02_Login/openmrs/login.htm-27-15,4,450,292,922,922,922,278,922,0.000%,.01628,0.00,0.02
SP_T02_Login/openmrs/login.htm-27-16,4,1443,1373,1809,1809,1809,1207,1809,0.000%,.01622,3.03,0.02
SP_T02_Login/openmrs/login.htm-27-17,4,309,307,330,330,330,276,330,0.000%,.01628,0.00,0.02
SP_T02_Login/openmrs/login.htm-27-18,4,510,307,1115,1115,1115,295,1115,0.000%,.01628,0.02,0.02
SP_T02_Login/openmrs/login.htm-27-19,4,562,325,1066,1066,1066,306,1066,0.000%,.01628,0.00,0.02
SP_T02_Login/openmrs/login.htm-27-20,4,873,572,1732,1732,1732,323,1732,100.000%,.01628,0.02,0.02
SP_T02_Login/openmrs/login.htm-27-21,4,897,291,2702,2702,2702,276,2702,0.000%,.01630,0.10,0.02
SP_T02_Login/openmrs/login.htm-27-22,4,287,286,294,294,294,284,294,0.000%,.01630,0.09,0.02
RP_T02_Select_RandomLocation/openmrs/login.htm-32,4,4154,3714,4649,4649,4649,3708,4649,0.000%,.01495,3.29,0.37
RP_T02_Select_RandomLocation/openmrs/login.htm-32-0,4,311,291,360,360,360,289,360,0.000%,.01514,0.01,0.01
RP_T02_Select_RandomLocation/openmrs/login.htm-32-1,4,671,614,796,796,796,560,796,0.000%,.01512,0.01,0.02
RP_T02_Select_RandomLocation/openmrs/login.htm-32-2,4,861,626,1271,1271,1271,618,1271,0.000%,.01510,0.24,0.02
RP_T02_Select_RandomLocation/openmrs/login.htm-32-3,4,640,288,1124,1124,1124,278,1124,0.000%,.01512,0.00,0.02
RP_T02_Select_RandomLocation/openmrs/login.htm-32-4,4,570,285,886,886,886,269,886,0.000%,.01509,0.00,0.02
RP_T02_Select_RandomLocation/openmrs/login.htm-32-5,4,437,282,905,905,905,280,905,0.000%,.01512,0.00,0.02
RP_T02_Select_RandomLocation/openmrs/login.htm-32-6,4,569,292,858,858,858,282,858,0.000%,.01512,0.00,0.02
RP_T02_Select_RandomLocation/openmrs/login.htm-32-7,4,708,842,859,859,859,287,859,0.000%,.01509,0.00,0.02
RP_T02_Select_RandomLocation/openmrs/login.htm-32-8,4,641,568,859,859,859,283,859,0.000%,.01509,0.00,0.02
RP_T02_Select_RandomLocation/openmrs/login.htm-32-9,4,645,557,887,887,887,285,887,0.000%,.01512,0.00,0.02
RP_T02_Select_RandomLocation/openmrs/login.htm-32-10,4,829,883,1128,1128,1128,282,1128,0.000%,.01512,0.00,0.02
RP_T02_Select_RandomLocation/openmrs/login.htm-32-11,4,507,283,1189,1189,1189,273,1189,0.000%,.01512,0.00,0.02
RP_T02_Select_RandomLocation/openmrs/login.htm-32-12,4,447,287,904,904,904,283,904,0.000%,.01512,0.00,0.02
RP_T02_Select_RandomLocation/openmrs/login.htm-32-13,4,618,282,1047,1047,1047,276,1047,0.000%,.01509,0.00,0.02
RP_T02_Select_RandomLocation/openmrs/login.htm-32-14,4,814,864,1066,1066,1066,280,1066,0.000%,.01509,0.00,0.02
RP_T02_Select_RandomLocation/openmrs/login.htm-32-15,4,286,283,296,296,296,280,296,0.000%,.01512,0.00,0.02
RP_T02_Select_RandomLocation/openmrs/login.htm-32-16,4,1658,1324,2165,2165,2165,1241,2165,0.000%,.01505,2.81,0.02
RP_T02_Select_RandomLocation/openmrs/login.htm-32-17,4,345,283,467,467,467,277,467,0.000%,.01512,0.00,0.02
RP_T02_Select_RandomLocation/openmrs/login.htm-32-18,4,528,347,1022,1022,1022,286,1022,0.000%,.01512,0.01,0.02
RP_T02_Select_RandomLocation/openmrs/login.htm-32-19,4,515,348,964,964,964,293,964,0.000%,.01507,0.00,0.02
RP_T02_Select_RandomLocation/openmrs/login.htm-32-20,4,528,348,1000,1000,1000,309,1000,100.000%,.01510,0.01,0.01
RP_T02_Select_RandomLocation/openmrs/login.htm-32-21,4,723,455,1124,1124,1124,366,1124,0.000%,.01507,0.09,0.02
RP_T02_Select_RandomLocation/openmrs/login.htm-32-22,4,464,298,904,904,904,292,904,0.000%,.01513,0.08,0.02
SP_T02_Login/openmrs/referenceapplication/home.page-28,4,1993,1808,2451,2451,2451,1266,2451,0.000%,.01626,0.33,0.32
SP_T02_Login/openmrs/referenceapplication/home.page-28-0,4,441,368,625,625,625,346,625,0.000%,.01632,0.26,0.01
SP_T02_Login/openmrs/referenceapplication/home.page-28-1,4,362,302,520,520,520,287,520,0.000%,.01632,0.00,0.02
SP_T02_Login/openmrs/referenceapplication/home.page-28-2,4,477,339,748,748,748,304,748,0.000%,.01632,0.00,0.02
SP_T02_Login/openmrs/referenceapplication/home.page-28-3,4,592,339,1205,1205,1205,307,1205,0.000%,.01632,0.00,0.02
SP_T02_Login/openmrs/referenceapplication/home.page-28-4,4,505,339,875,875,875,289,875,0.000%,.01632,0.00,0.02
SP_T02_Login/openmrs/referenceapplication/home.page-28-5,4,508,339,886,886,886,287,886,0.000%,.01632,0.00,0.02
SP_T02_Login/openmrs/referenceapplication/home.page-28-6,4,621,519,882,882,882,339,882,0.000%,.01632,0.00,0.02
SP_T02_Login/openmrs/referenceapplication/home.page-28-7,4,359,301,519,519,519,280,519,0.000%,.01632,0.00,0.02
SP_T02_Login/openmrs/referenceapplication/home.page-28-8,4,363,308,520,520,520,288,520,0.000%,.01632,0.00,0.02
SP_T02_Login/openmrs/referenceapplication/home.page-28-9,4,333,288,467,467,467,279,467,0.000%,.01633,0.00,0.02
SP_T02_Login/openmrs/referenceapplication/home.page-28-10,4,530,296,1239,1239,1239,291,1239,0.000%,.01632,0.00,0.02
SP_T02_Login/openmrs/referenceapplication/home.page-28-11,4,518,286,1205,1205,1205,283,1205,0.000%,.01632,0.00,0.02
SP_T02_Login/openmrs/referenceapplication/home.page-28-12,4,494,294,939,939,939,284,939,0.000%,.01633,0.00,0.02
SP_T02_Login/openmrs/referenceapplication/home.page-28-13,4,831,907,1203,1203,1203,276,1203,0.000%,.01633,0.00,0.02
SP_T02_Login/openmrs/referenceapplication/home.page-28-14,4,491,287,939,939,939,274,939,0.000%,.01634,0.00,0.02
SP_T02_Login/openmrs/referenceapplication/home.page-28-15,4,635,278,1053,1053,1053,270,1053,0.000%,.01635,0.00,0.02
SP_T02_Login/openmrs/referenceapplication/home.page-28-16,4,474,281,1056,1056,1056,279,1056,0.000%,.01635,0.00,0.02
SP_T02_Login/openmrs/referenceapplication/home.page-28-17,4,476,280,1068,1068,1068,276,1068,0.000%,.01633,0.00,0.02
SP_T02_Login/openmrs/referenceapplication/home.page-28-18,4,301,286,341,341,341,272,341,100.000%,.01635,0.02,0.01
SP_T02_Login/openmrs/referenceapplication/home.page-28-19,4,505,285,1132,1132,1132,278,1132,0.000%,.01635,0.00,0.02
SP_T02_Login/openmrs/referenceapplication/home.page-28-20,4,297,277,336,336,336,276,336,0.000%,.01635,0.00,0.02
RP_T02_Select_RandomLocation/openmrs/referenceapplication/home.page-33,4,1825,1213,2610,2610,2610,1195,2610,0.000%,.01509,0.30,0.30
RP_T02_Select_RandomLocation/openmrs/referenceapplication/home.page-33-0,4,505,360,668,668,668,336,668,0.000%,.01514,0.24,0.01
RP_T02_Select_RandomLocation/openmrs/referenceapplication/home.page-33-1,4,300,282,359,359,359,276,359,0.000%,.01516,0.00,0.01
RP_T02_Select_RandomLocation/openmrs/referenceapplication/home.page-33-2,4,443,283,927,927,927,280,927,0.000%,.01516,0.00,0.01
RP_T02_Select_RandomLocation/openmrs/referenceapplication/home.page-33-3,4,447,282,940,940,940,277,940,0.000%,.01516,0.00,0.01
RP_T02_Select_RandomLocation/openmrs/referenceapplication/home.page-33-4,4,446,287,918,918,918,285,918,0.000%,.01516,0.00,0.01
RP_T02_Select_RandomLocation/openmrs/referenceapplication/home.page-33-5,4,448,288,929,929,929,276,929,0.000%,.01516,0.00,0.01
RP_T02_Select_RandomLocation/openmrs/referenceapplication/home.page-33-6,4,438,279,914,914,914,275,914,0.000%,.01516,0.00,0.01
RP_T02_Select_RandomLocation/openmrs/referenceapplication/home.page-33-7,4,615,288,953,953,953,279,953,0.000%,.01516,0.00,0.01
RP_T02_Select_RandomLocation/openmrs/referenceapplication/home.page-33-8,4,512,287,930,930,930,282,930,0.000%,.01516,0.00,0.01
RP_T02_Select_RandomLocation/openmrs/referenceapplication/home.page-33-9,4,478,293,1047,1047,1047,274,1047,0.000%,.01516,0.00,0.01
RP_T02_Select_RandomLocation/openmrs/referenceapplication/home.page-33-10,4,482,292,1047,1047,1047,286,1047,0.000%,.01516,0.00,0.01
RP_T02_Select_RandomLocation/openmrs/referenceapplication/home.page-33-11,4,513,281,1041,1041,1041,274,1041,0.000%,.01516,0.00,0.01
RP_T02_Select_RandomLocation/openmrs/referenceapplication/home.page-33-12,4,328,287,454,454,454,283,454,0.000%,.01516,0.00,0.01
RP_T02_Select_RandomLocation/openmrs/referenceapplication/home.page-33-13,4,515,290,1040,1040,1040,287,1040,0.000%,.01516,0.00,0.01
RP_T02_Select_RandomLocation/openmrs/referenceapplication/home.page-33-14,4,321,282,442,442,442,280,442,0.000%,.01516,0.00,0.01
RP_T02_Select_RandomLocation/openmrs/referenceapplication/home.page-33-15,4,515,291,1049,1049,1049,279,1049,0.000%,.01518,0.00,0.01
RP_T02_Select_RandomLocation/openmrs/referenceapplication/home.page-33-16,4,481,275,1004,1004,1004,271,1004,0.000%,.01518,0.00,0.01
RP_T02_Select_RandomLocation/openmrs/referenceapplication/home.page-33-17,4,335,275,421,421,421,273,421,0.000%,.01516,0.00,0.01
RP_T02_Select_RandomLocation/openmrs/referenceapplication/home.page-33-18,4,480,278,992,992,992,271,992,100.000%,.01518,0.01,0.01
RP_T02_Select_RandomLocation/openmrs/referenceapplication/home.page-33-19,4,308,284,379,379,379,278,379,0.000%,.01518,0.00,0.01
RP_T02_Select_RandomLocation/openmrs/referenceapplication/home.page-33-20,4,306,282,379,379,379,279,379,0.000%,.01518,0.00,0.01
SP_T02_Login/openmrs/appui/session/getLoginLocations.action-37,4,307,286,358,358,358,278,358,0.000%,.01640,0.01,0.01
Search_Patient_T02_Login,4,6700,6449,7294,7294,7294,6418,7294,0.000%,.01597,3.84,0.72
RP_T02_Select_RandomLocation/openmrs/appui/session/getLoginLocations.action-40,4,294,289,313,313,313,286,313,0.000%,.01521,0.01,0.01
Patient_Registration_T02_Select_Login,4,6274,6028,7549,7549,7549,5216,7549,0.000%,.01487,3.58,0.67
SP_T03_Clickon_Find_Patient_Record/openmrs/coreapps/findpatient/findPatient.page-41,4,5021,3809,7253,7253,7253,3380,7253,0.000%,.01605,5.31,0.40
SP_T03_Clickon_Find_Patient_Record/openmrs/coreapps/findpatient/findPatient.page-41-0,4,1264,1222,1328,1328,1328,1194,1328,0.000%,.01634,0.85,0.02
SP_T03_Clickon_Find_Patient_Record/openmrs/coreapps/findpatient/findPatient.page-41-1,4,757,832,1010,1010,1010,280,1010,0.000%,.01636,0.00,0.02
SP_T03_Clickon_Find_Patient_Record/openmrs/coreapps/findpatient/findPatient.page-41-2,4,692,290,1856,1856,1856,270,1856,0.000%,.01629,0.00,0.02
SP_T03_Clickon_Find_Patient_Record/openmrs/coreapps/findpatient/findPatient.page-41-3,4,701,317,1848,1848,1848,288,1848,0.000%,.01630,0.00,0.02
SP_T03_Clickon_Find_Patient_Record/openmrs/coreapps/findpatient/findPatient.page-41-4,4,1191,916,1968,1968,1968,886,1968,0.000%,.01636,0.00,0.02
SP_T03_Clickon_Find_Patient_Record/openmrs/coreapps/findpatient/findPatient.page-41-5,4,1425,994,1968,1968,1968,892,1968,0.000%,.01630,0.00,0.02
SP_T03_Clickon_Find_Patient_Record/openmrs/coreapps/findpatient/findPatient.page-41-6,4,1040,935,1841,1841,1841,354,1841,0.000%,.01630,0.00,0.02
SP_T03_Clickon_Find_Patient_Record/openmrs/coreapps/findpatient/findPatient.page-41-7,4,721,354,1232,1232,1232,281,1232,0.000%,.01634,0.00,0.02
SP_T03_Clickon_Find_Patient_Record/openmrs/coreapps/findpatient/findPatient.page-41-8,4,1258,996,1971,1971,1971,885,1971,0.000%,.01634,0.00,0.02
SP_T03_Clickon_Find_Patient_Record/openmrs/coreapps/findpatient/findPatient.page-41-9,4,333,283,395,395,395,281,395,0.000%,.01636,0.00,0.02
SP_T03_Clickon_Find_Patient_Record/openmrs/coreapps/findpatient/findPatient.page-41-10,4,1657,1443,2319,2319,2319,937,2319,0.000%,.01623,1.13,0.02
SP_T03_Clickon_Find_Patient_Record/openmrs/coreapps/findpatient/findPatient.page-41-11,4,1595,1182,3264,3264,3264,630,3264,0.000%,.01617,0.52,0.02
SP_T03_Clickon_Find_Patient_Record/openmrs/coreapps/findpatient/findPatient.page-41-12,4,2334,1188,5186,5186,5186,1188,5186,0.000%,.01628,2.64,0.02
SP_T03_Clickon_Find_Patient_Record/openmrs/coreapps/findpatient/findPatient.page-41-13,4,651,293,1734,1734,1734,277,1734,0.000%,.01629,0.00,0.02
SP_T03_Clickon_Find_Patient_Record/openmrs/coreapps/findpatient/findPatient.page-41-14,4,302,293,330,330,330,278,330,0.000%,.01634,0.00,0.02
SP_T03_Clickon_Find_Patient_Record/openmrs/coreapps/findpatient/findPatient.page-41-15,4,450,302,896,896,896,301,896,0.000%,.01636,0.00,0.02
SP_T03_Clickon_Find_Patient_Record/openmrs/coreapps/findpatient/findPatient.page-41-16,4,730,644,1120,1120,1120,302,1120,0.000%,.01631,0.00,0.02
SP_T03_Clickon_Find_Patient_Record/openmrs/coreapps/findpatient/findPatient.page-41-17,4,660,657,879,879,879,294,879,0.000%,.01638,0.14,0.02
SP_T03_Clickon_Find_Patient_Record/openmrs/coreapps/findpatient/findPatient.page-41-18,4,471,282,837,837,837,280,837,0.000%,.01637,0.04,0.02
SP_T03_Clickon_Find_Patient_Record/openmrs/coreapps/findpatient/findPatient.page-41-19,4,346,290,487,487,487,284,487,0.000%,.01637,0.00,0.02
SP_T03_Clickon_Find_Patient_Record/openmrs/coreapps/findpatient/findPatient.page-41-20,4,478,288,859,859,859,280,859,0.000%,.01637,0.00,0.02
SP_T03_Clickon_Find_Patient_Record/openmrs/coreapps/findpatient/findPatient.page-41-21,4,668,330,1210,1210,1210,284,1210,0.000%,.01635,0.00,0.02
SP_T03_Clickon_Find_Patient_Record/openmrs/coreapps/findpatient/findPatient.page-41-22,4,525,286,1201,1201,1201,283,1201,100.000%,.01635,0.02,0.01
SP_T03_Clickon_Find_Patient_Record/openmrs/coreapps/findpatient/findPatient.page-41-23,4,306,304,329,329,329,287,329,0.000%,.01637,0.00,0.02
SP_T03_Clickon_Find_Patient_Record/openmrs/coreapps/findpatient/findPatient.page-41-24,4,284,281,297,297,297,278,297,0.000%,.01635,0.00,0.02
SP_T03_Clickon_Find_Patient_Record/openmrs/appui/session/getLoginLocations.action-48,4,288,285,293,293,293,281,293,0.000%,.01651,0.01,0.01
Search_Patient_T03_Clickon_Find_Patient_Record,4,5309,4094,7546,7546,7546,3673,7546,0.000%,.01603,5.31,0.41
RP_T03_Register_Patient/openmrs/registrationapp/registerPatient.page-43,4,8863,8106,14625,14625,14625,4254,14625,0.000%,.01442,20.26,0.53
RP_T03_Register_Patient/openmrs/registrationapp/registerPatient.page-43-0,4,1137,1024,1320,1320,1320,1008,1320,0.000%,.01517,0.68,0.01
RP_T03_Register_Patient/openmrs/registrationapp/registerPatient.page-43-1,4,477,294,900,900,900,287,900,0.000%,.01522,0.00,0.02
RP_T03_Register_Patient/openmrs/registrationapp/registerPatient.page-43-2,4,473,323,848,848,848,298,848,0.000%,.01522,0.00,0.02
RP_T03_Register_Patient/openmrs/registrationapp/registerPatient.page-43-3,4,474,324,864,864,864,287,864,0.000%,.01519,0.00,0.02
RP_T03_Register_Patient/openmrs/registrationapp/registerPatient.page-43-4,4,1942,1497,3138,3138,3138,1479,3138,0.000%,.01506,0.72,0.01
RP_T03_Register_Patient/openmrs/registrationapp/registerPatient.page-43-5,4,817,872,1179,1179,1179,332,1179,0.000%,.01519,0.00,0.02
RP_T03_Register_Patient/openmrs/registrationapp/registerPatient.page-43-6,4,694,590,901,901,901,425,901,0.000%,.01520,0.00,0.02
RP_T03_Register_Patient/openmrs/registrationapp/registerPatient.page-43-7,4,409,332,591,591,591,286,591,0.000%,.01520,0.00,0.02
RP_T03_Register_Patient/openmrs/registrationapp/registerPatient.page-43-8,4,687,427,1138,1138,1138,332,1138,0.000%,.01517,0.00,0.02
RP_T03_Register_Patient/openmrs/registrationapp/registerPatient.page-43-9,4,571,289,861,861,861,278,861,0.000%,.01519,0.14,0.01
RP_T03_Register_Patient/openmrs/registrationapp/registerPatient.page-43-10,4,580,285,888,888,888,273,888,0.000%,.01519,0.09,0.01
RP_T03_Register_Patient/openmrs/registrationapp/registerPatient.page-43-11,4,520,292,1208,1208,1208,284,1208,0.000%,.01516,0.00,0.02
RP_T03_Register_Patient/openmrs/registrationapp/registerPatient.page-43-12,4,756,287,1898,1898,1898,278,1898,0.000%,.01512,0.00,0.02
RP_T03_Register_Patient/openmrs/registrationapp/registerPatient.page-43-13,4,772,569,1310,1310,1310,567,1310,0.000%,.01514,0.22,0.01
RP_T03_Register_Patient/openmrs/registrationapp/registerPatient.page-43-14,4,905,569,1849,1849,1849,560,1849,0.000%,.01511,0.38,0.01
RP_T03_Register_Patient/openmrs/registrationapp/registerPatient.page-43-15,4,655,298,1100,1100,1100,296,1100,0.000%,.01515,0.01,0.01
RP_T03_Register_Patient/openmrs/registrationapp/registerPatient.page-43-16,4,702,289,1662,1662,1662,287,1662,0.000%,.01512,0.03,0.01
RP_T03_Register_Patient/openmrs/registrationapp/registerPatient.page-43-17,4,1258,1176,2063,2063,2063,589,2063,0.000%,.01509,0.25,0.01
RP_T03_Register_Patient/openmrs/registrationapp/registerPatient.page-43-18,4,724,726,964,964,964,351,964,0.000%,.01515,0.13,0.01
RP_T03_Register_Patient/openmrs/registrationapp/registerPatient.page-43-19,4,6403,5879,11434,11434,11434,2071,11434,0.000%,.01454,16.86,0.01
RP_T03_Register_Patient/openmrs/registrationapp/registerPatient.page-43-20,4,669,322,1204,1204,1204,290,1204,0.000%,.01510,0.04,0.01
RP_T03_Register_Patient/openmrs/registrationapp/registerPatient.page-43-21,4,615,303,1017,1017,1017,282,1017,0.000%,.01509,0.07,0.01
RP_T03_Register_Patient/openmrs/registrationapp/registerPatient.page-43-22,4,872,804,1276,1276,1276,557,1276,0.000%,.01509,0.77,0.01
RP_T03_Register_Patient/openmrs/registrationapp/registerPatient.page-43-23,4,558,309,1262,1262,1262,292,1262,0.000%,.01508,0.02,0.01
RP_T03_Register_Patient/openmrs/registrationapp/registerPatient.page-43-24,4,413,297,698,698,698,286,698,0.000%,.01511,0.03,0.01
RP_T03_Register_Patient/openmrs/registrationapp/registerPatient.page-43-25,4,445,298,855,855,855,283,855,0.000%,.01511,0.07,0.01
RP_T03_Register_Patient/openmrs/registrationapp/registerPatient.page-43-26,4,635,293,991,991,991,278,991,0.000%,.01509,0.00,0.02
RP_T03_Register_Patient/openmrs/registrationapp/registerPatient.page-43-27,4,517,292,1203,1203,1203,280,1203,0.000%,.01512,0.00,0.02
RP_T03_Register_Patient/openmrs/registrationapp/registerPatient.page-43-28,4,529,288,1179,1179,1179,278,1179,0.000%,.01512,0.00,0.02
RP_T03_Register_Patient/openmrs/registrationapp/registerPatient.page-43-29,4,311,296,373,373,373,281,373,0.000%,.01511,0.00,0.02
RP_T03_Register_Patient/openmrs/registrationapp/registerPatient.page-43-30,4,677,298,1196,1196,1196,280,1196,0.000%,.01513,0.01,0.01
RP_T03_Register_Patient/openmrs/registrationapp/registerPatient.page-43-31,4,313,292,374,374,374,290,374,0.000%,.01512,0.00,0.02
RP_T03_Register_Patient/openmrs/registrationapp/registerPatient.page-43-32,4,311,292,369,369,369,290,369,0.000%,.01512,0.00,0.02
RP_T03_Register_Patient/openmrs/registrationapp/registerPatient.page-43-33,4,300,289,332,332,332,287,332,0.000%,.01511,0.00,0.02
RP_T03_Register_Patient/openmrs/registrationapp/registerPatient.page-43-34,4,300,289,336,336,336,282,336,100.000%,.01512,0.01,0.01
RP_T03_Register_Patient/openmrs/registrationapp/registerPatient.page-43-35,4,306,294,337,337,337,274,337,0.000%,.01513,0.00,0.02
RP_T03_Register_Patient/openmrs/registrationapp/registerPatient.page-43-36,4,300,275,336,336,336,274,336,0.000%,.01512,0.00,0.01
RP_T03_Register_Patient/openmrs/appui/session/getLoginLocations.action-63,3,311,296,347,347,347,290,347,0.000%,.01748,0.01,0.02
Patient_Registration_T03_Select_Register_Patient,3,7253,8402,8814,8814,8814,4544,8814,0.000%,.01666,23.42,0.62
SP_T04_SearchwithName/openmrs/ws/rest/v1/patient-53,4,402,385,539,539,539,293,539,0.000%,.01650,0.02,0.02
Search_Patient_T04_SearchwithName,4,402,385,539,539,539,293,539,0.000%,.01650,0.02,0.02
RP_T04_EnterDetails/openmrs/registrationapp/personName/getSimilarNames.action-71,3,313,295,354,354,354,292,354,0.000%,.01749,0.01,0.02
RP_T04_EnterDetails/openmrs/registrationapp/personName/getSimilarNames.action-72,3,309,289,358,358,358,282,358,0.000%,.01749,0.01,0.02
RP_T04_EnterDetails/openmrs/registrationapp/personName/getSimilarNames.action-73,3,311,295,349,349,349,289,349,0.000%,.01749,0.01,0.02
RP_T04_EnterDetails/openmrs/registrationapp/matchingPatients/getSimilarPatients.action?appId=referenceapplication.registrationapp.registerPatient-74,3,384,314,533,533,533,307,533,0.000%,.01750,0.00,0.02
RP_T04_EnterDetails/openmrs/registrationapp/personName/getSimilarNames.action-75,3,288,289,291,291,291,285,291,0.000%,.01752,0.01,0.02
RP_T04_EnterDetails/openmrs/registrationapp/matchingPatients/getSimilarPatients.action?appId=referenceapplication.registrationapp.registerPatient-76,3,327,326,350,350,350,306,350,0.000%,.01752,0.00,0.02
RP_T04_EnterDetails/openmrs/registrationapp/matchingPatients/getSimilarPatients.action?appId=referenceapplication.registrationapp.registerPatient-77,3,392,346,531,531,531,300,531,0.000%,.01752,0.00,0.02
RP_T04_EnterDetails/openmrs/registrationapp/matchingPatients/getSimilarPatients.action?appId=referenceapplication.registrationapp.registerPatient-78,3,322,333,334,334,334,299,334,0.000%,.01754,0.00,0.02
RP_T04_EnterDetails/openmrs/registrationapp/matchingPatients/getSimilarPatients.action?appId=referenceapplication.registrationapp.registerPatient-79,3,317,314,340,340,340,299,340,0.000%,.01754,0.00,0.02
RP_T04_EnterDetails/openmrs/registrationapp/matchingPatients/getSimilarPatients.action?appId=referenceapplication.registrationapp.registerPatient-80,3,319,300,358,358,358,299,358,0.000%,.01754,0.00,0.02
RP_T04_EnterDetails/openmrs/registrationapp/matchingPatients/getSimilarPatients.action?appId=referenceapplication.registrationapp.registerPatient-81,3,326,312,364,364,364,303,364,0.000%,.01753,0.00,0.02
RP_T04_EnterDetails/openmrs/registrationapp/matchingPatients/getSimilarPatients.action?appId=referenceapplication.registrationapp.registerPatient-84,3,316,310,341,341,341,299,341,0.000%,.01753,0.00,0.02
RP_T04_EnterDetails/openmrs/registrationapp/matchingPatients/getSimilarPatients.action?appId=referenceapplication.registrationapp.registerPatient-85,3,315,314,327,327,327,304,327,0.000%,.01754,0.00,0.02
RP_T04_EnterDetails/openmrs/registrationapp/matchingPatients/getSimilarPatients.action?appId=referenceapplication.registrationapp.registerPatient-88,3,363,336,457,457,457,298,457,0.000%,.01754,0.00,0.02
RP_T04_EnterDetails/openmrs/registrationapp/matchingPatients/getSimilarPatients.action?appId=referenceapplication.registrationapp.registerPatient-90,3,302,301,304,304,304,301,304,0.000%,.01755,0.00,0.02
RP_T04_EnterDetails/openmrs/registrationapp/matchingPatients/getSimilarPatients.action?appId=referenceapplication.registrationapp.registerPatient-91,3,311,305,325,325,325,304,325,0.000%,.01755,0.00,0.02
RP_T04_EnterDetails/openmrs/registrationapp/matchingPatients/getSimilarPatients.action?appId=referenceapplication.registrationapp.registerPatient-93,3,346,302,441,441,441,297,441,0.000%,.01754,0.00,0.02
RP_T04_EnterDetails/openmrs/ws/rest/v1/person-97,3,333,295,410,410,410,294,410,0.000%,.01752,0.00,0.01
RP_T04_EnterDetails/openmrs/ws/rest/v1/person-96,3,330,291,411,411,411,289,411,0.000%,.01751,0.00,0.01
RP_T04_EnterDetails/openmrs/registrationapp/matchingPatients/getExactPatients.action?appId=referenceapplication.registrationapp.registerPatient-99,3,311,301,332,332,332,300,332,0.000%,.01751,0.00,0.03
RP_T04_EnterDetails/openmrs/registrationapp/registerPatient/submit.action?appId=referenceapplication.registrationapp.registerPatient-101,3,413,416,427,427,427,398,427,0.000%,.01749,0.01,0.03
SP_T05_Open_Patient_Record/openmrs/coreapps/clinicianfacing/patient.page-54,4,6907,6741,7814,7814,7814,5395,7814,0.000%,.01600,26.04,1.16
SP_T05_Open_Patient_Record/openmrs/coreapps/clinicianfacing/patient.page-54-0,4,1647,1626,1957,1957,1957,1287,1957,0.000%,.01640,0.91,0.02
SP_T05_Open_Patient_Record/openmrs/coreapps/clinicianfacing/patient.page-54-1,4,424,287,844,844,844,279,844,0.000%,.01650,0.00,0.02
SP_T05_Open_Patient_Record/openmrs/coreapps/clinicianfacing/patient.page-54-2,4,588,292,900,900,900,287,900,0.000%,.01646,0.00,0.02
SP_T05_Open_Patient_Record/openmrs/coreapps/clinicianfacing/patient.page-54-3,4,437,289,886,886,886,282,886,0.000%,.01650,0.00,0.02
SP_T05_Open_Patient_Record/openmrs/coreapps/clinicianfacing/patient.page-54-4,4,581,292,891,891,891,289,891,0.000%,.01646,0.00,0.02
SP_T05_Open_Patient_Record/openmrs/coreapps/clinicianfacing/patient.page-54-5,4,855,843,889,889,889,832,889,0.000%,.01646,0.00,0.02
SP_T05_Open_Patient_Record/openmrs/coreapps/clinicianfacing/patient.page-54-6,4,878,887,891,891,891,847,891,0.000%,.01646,0.00,0.02
SP_T05_Open_Patient_Record/openmrs/coreapps/clinicianfacing/patient.page-54-7,4,720,841,890,890,890,278,890,0.000%,.01650,0.00,0.02
SP_T05_Open_Patient_Record/openmrs/coreapps/clinicianfacing/patient.page-54-8,4,860,855,889,889,889,835,889,0.000%,.01646,0.00,0.02
SP_T05_Open_Patient_Record/openmrs/coreapps/clinicianfacing/patient.page-54-9,4,615,291,1054,1054,1054,274,1054,0.000%,.01644,0.00,0.02
SP_T05_Open_Patient_Record/openmrs/coreapps/clinicianfacing/patient.page-54-10,4,770,842,1048,1048,1048,278,1048,0.000%,.01645,0.05,0.02
SP_T05_Open_Patient_Record/openmrs/coreapps/clinicianfacing/patient.page-54-11,4,1689,844,4053,4053,4053,820,4053,0.000%,.01644,1.42,0.02
SP_T05_Open_Patient_Record/openmrs/coreapps/clinicianfacing/patient.page-54-12,4,496,318,884,884,884,290,884,0.000%,.01646,0.22,0.02
SP_T05_Open_Patient_Record/openmrs/coreapps/clinicianfacing/patient.page-54-13,4,340,291,486,486,486,288,486,0.000%,.01646,0.02,0.02
SP_T05_Open_Patient_Record/openmrs/coreapps/clinicianfacing/patient.page-54-14,4,1452,564,3178,3178,3178,561,3178,0.000%,.01641,0.48,0.02
SP_T05_Open_Patient_Record/openmrs/coreapps/clinicianfacing/patient.page-54-15,4,523,288,1221,1221,1221,277,1221,0.000%,.01643,0.09,0.02
SP_T05_Open_Patient_Record/openmrs/coreapps/clinicianfacing/patient.page-54-16,4,1383,1237,1687,1687,1687,1127,1687,0.000%,.01641,2.57,0.02
SP_T05_Open_Patient_Record/openmrs/coreapps/clinicianfacing/patient.page-54-17,4,318,283,412,412,412,281,412,0.000%,.01646,0.08,0.02
SP_T05_Open_Patient_Record/openmrs/coreapps/clinicianfacing/patient.page-54-18,4,319,281,411,411,411,280,411,0.000%,.01646,0.04,0.02
SP_T05_Open_Patient_Record/openmrs/coreapps/clinicianfacing/patient.page-54-19,4,326,289,425,425,425,281,425,0.000%,.01646,0.01,0.02
SP_T05_Open_Patient_Record/openmrs/coreapps/clinicianfacing/patient.page-54-20,4,478,288,1034,1034,1034,282,1034,0.000%,.01642,0.02,0.02
SP_T05_Open_Patient_Record/openmrs/coreapps/clinicianfacing/patient.page-54-21,4,471,283,1023,1023,1023,278,1023,0.000%,.01643,0.02,0.02
SP_T05_Open_Patient_Record/openmrs/coreapps/clinicianfacing/patient.page-54-22,4,299,282,333,333,333,278,333,0.000%,.01645,0.18,0.02
SP_T05_Open_Patient_Record/openmrs/coreapps/clinicianfacing/patient.page-54-23,4,897,569,1867,1867,1867,555,1867,0.000%,.01643,0.56,0.02
SP_T05_Open_Patient_Record/openmrs/coreapps/clinicianfacing/patient.page-54-24,4,589,575,628,628,628,559,628,0.000%,.01643,0.55,0.02
SP_T05_Open_Patient_Record/openmrs/coreapps/clinicianfacing/patient.page-54-25,4,458,285,982,982,982,281,982,0.000%,.01644,0.01,0.02
SP_T05_Open_Patient_Record/openmrs/coreapps/clinicianfacing/patient.page-54-26,4,423,289,822,822,822,280,822,0.000%,.01644,0.02,0.02
SP_T05_Open_Patient_Record/openmrs/coreapps/clinicianfacing/patient.page-54-27,4,759,279,2181,2181,2181,275,2181,0.000%,.01643,0.10,0.02
SP_T05_Open_Patient_Record/openmrs/coreapps/clinicianfacing/patient.page-54-28,4,1724,1522,2357,2357,2357,1179,2357,0.000%,.01629,10.09,0.02
SP_T05_Open_Patient_Record/openmrs/coreapps/clinicianfacing/patient.page-54-29,4,451,301,906,906,906,290,906,0.000%,.01643,1.54,0.02
SP_T05_Open_Patient_Record/openmrs/coreapps/clinicianfacing/patient.page-54-30,4,988,858,1341,1341,1341,851,1341,0.000%,.01640,1.62,0.02
SP_T05_Open_Patient_Record/openmrs/coreapps/clinicianfacing/patient.page-54-31,4,584,335,856,856,856,294,856,0.000%,.01640,1.04,0.02
SP_T05_Open_Patient_Record/openmrs/coreapps/clinicianfacing/patient.page-54-32,4,370,296,567,567,567,292,567,0.000%,.01645,0.30,0.02
SP_T05_Open_Patient_Record/openmrs/coreapps/clinicianfacing/patient.page-54-33,4,295,290,322,322,322,274,322,0.000%,.01645,0.03,0.02
SP_T05_Open_Patient_Record/openmrs/coreapps/clinicianfacing/patient.page-54-34,4,323,291,396,396,396,284,396,0.000%,.01645,0.01,0.02
SP_T05_Open_Patient_Record/openmrs/coreapps/clinicianfacing/patient.page-54-35,4,452,281,922,922,922,273,922,0.000%,.01644,0.02,0.02
SP_T05_Open_Patient_Record/openmrs/coreapps/clinicianfacing/patient.page-54-36,4,307,297,336,336,336,281,336,0.000%,.01645,0.05,0.02
SP_T05_Open_Patient_Record/openmrs/coreapps/clinicianfacing/patient.page-54-37,4,297,280,335,335,335,280,335,0.000%,.01645,0.01,0.02
SP_T05_Open_Patient_Record/openmrs/coreapps/clinicianfacing/patient.page-54-38,4,299,288,335,335,335,280,335,0.000%,.01645,0.03,0.02
SP_T05_Open_Patient_Record/openmrs/coreapps/clinicianfacing/patient.page-54-39,4,301,293,332,332,332,285,332,0.000%,.01645,0.07,0.02
SP_T05_Open_Patient_Record/openmrs/coreapps/clinicianfacing/patient.page-54-40,4,315,281,410,410,410,272,410,0.000%,.01646,0.03,0.02
SP_T05_Open_Patient_Record/openmrs/coreapps/clinicianfacing/patient.page-54-41,4,317,286,399,399,399,284,399,0.000%,.01645,0.01,0.02
SP_T05_Open_Patient_Record/openmrs/coreapps/clinicianfacing/patient.page-54-42,4,313,283,399,399,399,281,399,0.000%,.01645,0.16,0.02
SP_T05_Open_Patient_Record/openmrs/coreapps/clinicianfacing/patient.page-54-43,4,318,290,399,399,399,286,399,0.000%,.01645,0.01,0.02
SP_T05_Open_Patient_Record/openmrs/coreapps/clinicianfacing/patient.page-54-44,4,309,287,383,383,383,280,383,0.000%,.01645,0.03,0.02
SP_T05_Open_Patient_Record/openmrs/coreapps/clinicianfacing/patient.page-54-45,4,327,289,384,384,384,284,384,0.000%,.01644,0.04,0.02
SP_T05_Open_Patient_Record/openmrs/coreapps/clinicianfacing/patient.page-54-46,4,286,277,314,314,314,274,314,0.000%,.01645,0.01,0.02
SP_T05_Open_Patient_Record/openmrs/coreapps/clinicianfacing/patient.page-54-47,4,301,301,313,313,313,285,313,0.000%,.01645,0.00,0.02
SP_T05_Open_Patient_Record/openmrs/coreapps/clinicianfacing/patient.page-54-48,4,520,286,1201,1201,1201,286,1201,0.000%,.01645,0.48,0.02
SP_T05_Open_Patient_Record/openmrs/coreapps/clinicianfacing/patient.page-54-49,4,1166,880,1850,1850,1850,284,1850,0.000%,.01636,0.08,0.02
SP_T05_Open_Patient_Record/openmrs/coreapps/clinicianfacing/patient.page-54-50,4,524,289,1233,1233,1233,277,1233,0.000%,.01639,0.01,0.02
SP_T05_Open_Patient_Record/openmrs/coreapps/clinicianfacing/patient.page-54-51,4,643,297,1692,1692,1692,284,1692,0.000%,.01636,0.05,0.02
SP_T05_Open_Patient_Record/openmrs/coreapps/clinicianfacing/patient.page-54-52,4,316,289,400,400,400,286,400,0.000%,.01643,0.00,0.02
SP_T05_Open_Patient_Record/openmrs/coreapps/clinicianfacing/patient.page-54-53,4,442,294,891,891,891,274,891,0.000%,.01639,0.00,0.02
SP_T05_Open_Patient_Record/openmrs/coreapps/clinicianfacing/patient.page-54-54,4,592,287,1498,1498,1498,277,1498,0.000%,.01637,0.00,0.02
SP_T05_Open_Patient_Record/openmrs/coreapps/clinicianfacing/patient.page-54-55,4,658,335,1165,1165,1165,281,1165,0.000%,.01639,0.00,0.02
SP_T05_Open_Patient_Record/openmrs/coreapps/clinicianfacing/patient.page-54-56,4,300,283,335,335,335,275,335,0.000%,.01643,0.01,0.02
SP_T05_Open_Patient_Record/openmrs/coreapps/clinicianfacing/patient.page-54-57,4,301,290,325,325,325,284,325,0.000%,.01641,0.01,0.02
SP_T05_Open_Patient_Record/openmrs/coreapps/clinicianfacing/patient.page-54-58,4,656,614,908,908,908,279,908,0.000%,.01636,0.22,0.02
SP_T05_Open_Patient_Record/openmrs/coreapps/clinicianfacing/patient.page-54-59,4,374,305,563,563,563,298,563,0.000%,.01637,3.17,0.02
SP_T05_Open_Patient_Record/openmrs/coreapps/clinicianfacing/patient.page-54-60,4,803,286,1377,1377,1377,279,1377,0.000%,.01632,0.03,0.02
SP_T05_Open_Patient_Record/openmrs/coreapps/clinicianfacing/patient.page-54-61,4,722,299,1312,1312,1312,285,1312,0.000%,.01633,0.01,0.02
SP_T05_Open_Patient_Record/openmrs/coreapps/clinicianfacing/patient.page-54-62,4,283,277,298,298,298,274,298,0.000%,.01639,0.01,0.02
SP_T05_Open_Patient_Record/openmrs/coreapps/clinicianfacing/patient.page-54-63,4,287,285,297,297,297,276,297,0.000%,.01638,0.02,0.02
SP_T05_Open_Patient_Record/openmrs/coreapps/clinicianfacing/patient.page-54-64,4,496,278,1148,1148,1148,272,1148,0.000%,.01632,0.01,0.02
SP_T05_Open_Patient_Record/openmrs/coreapps/clinicianfacing/patient.page-54-65,4,281,275,300,300,300,271,300,0.000%,.01638,0.01,0.02
SP_T05_Open_Patient_Record/openmrs/coreapps/clinicianfacing/patient.page-54-66,4,477,284,856,856,856,278,856,0.000%,.01636,0.00,0.02
SP_T05_Open_Patient_Record/openmrs/coreapps/clinicianfacing/patient.page-54-67,4,570,299,1395,1395,1395,282,1395,0.000%,.01637,0.00,0.02
SP_T05_Open_Patient_Record/openmrs/coreapps/clinicianfacing/patient.page-54-68,4,288,287,292,292,292,283,292,0.000%,.01636,0.00,0.02
SP_T05_Open_Patient_Record/openmrs/coreapps/clinicianfacing/patient.page-54-69,4,444,299,720,720,720,283,720,100.000%,.01635,0.02,0.02
SP_T05_Open_Patient_Record/openmrs/coreapps/clinicianfacing/patient.page-54-70,4,332,286,472,472,472,278,472,0.000%,.01637,0.00,0.02
SP_T05_Open_Patient_Record/openmrs/coreapps/clinicianfacing/patient.page-54-71,4,320,285,432,432,432,278,432,0.000%,.01637,0.00,0.02
SP_T05_Open_Patient_Record/openmrs/ms/uiframework/resource/attachments/partials/gallery.html-109,4,309,300,346,346,346,278,346,0.000%,.01634,0.02,0.01
SP_T05_Open_Patient_Record/openmrs/appui/session/getLoginLocations.action-111,4,295,289,306,306,306,286,306,0.000%,.01634,0.01,0.01
SP_T05_Open_Patient_Record/openmrs/ws/rest/emrapi/conditionhistory-113,4,292,285,307,307,307,283,307,0.000%,.01634,0.00,0.01
SP_T05_Open_Patient_Record/openmrs/ws/rest/v1/session-115,4,343,307,442,442,442,286,442,0.000%,.01633,0.03,0.01
SP_T05_Open_Patient_Record/openmrs/ws/rest/v1/session-118,4,336,305,433,433,433,288,433,0.000%,.01633,0.03,0.01
SP_T05_Open_Patient_Record/openmrs/ws/rest/v1/latestobs-117,4,329,298,410,410,410,296,410,0.000%,.01633,0.00,0.02
SP_T05_Open_Patient_Record/openmrs/ws/rest/v1/concept/5087AAAAAAAAAAAAAAAAAAAAAAAAAAAAAAAA-119,4,352,284,437,437,437,280,437,0.000%,.01632,0.02,0.02
SP_T05_Open_Patient_Record/openmrs/ws/rest/v1/concept/5088AAAAAAAAAAAAAAAAAAAAAAAAAAAAAAAA-120,4,329,288,414,414,414,284,414,0.000%,.01631,0.02,0.02
RP_T04_EnterDetails/openmrs/coreapps/clinicianfacing/patient.page-102,3,5945,5816,6711,6711,6711,5308,6711,0.000%,.01696,33.74,1.27
RP_T04_EnterDetails/openmrs/coreapps/clinicianfacing/patient.page-102-0,3,1350,1329,1455,1455,1455,1266,1455,0.000%,.01741,0.97,0.02
RP_T04_EnterDetails/openmrs/coreapps/clinicianfacing/patient.page-102-1,3,845,926,1326,1326,1326,284,1326,0.000%,.01745,0.00,0.02
RP_T04_EnterDetails/openmrs/coreapps/clinicianfacing/patient.page-102-2,3,515,325,950,950,950,272,950,0.000%,.01745,0.00,0.02
RP_T04_EnterDetails/openmrs/coreapps/clinicianfacing/patient.page-102-3,3,514,351,908,908,908,285,908,0.000%,.01751,0.00,0.02
RP_T04_EnterDetails/openmrs/coreapps/clinicianfacing/patient.page-102-4,3,757,943,1004,1004,1004,325,1004,0.000%,.01745,0.00,0.02
RP_T04_EnterDetails/openmrs/coreapps/clinicianfacing/patient.page-102-5,3,522,325,941,941,941,302,941,0.000%,.01745,0.00,0.02
RP_T04_EnterDetails/openmrs/coreapps/clinicianfacing/patient.page-102-6,3,613,609,948,948,948,284,948,0.000%,.01745,0.00,0.02
RP_T04_EnterDetails/openmrs/coreapps/clinicianfacing/patient.page-102-7,3,1141,939,1640,1640,1640,845,1640,0.000%,.01745,0.00,0.02
RP_T04_EnterDetails/openmrs/coreapps/clinicianfacing/patient.page-102-8,3,1114,1067,1329,1329,1329,946,1329,0.000%,.01745,0.00,0.02
RP_T04_EnterDetails/openmrs/coreapps/clinicianfacing/patient.page-102-9,3,475,288,867,867,867,270,867,0.000%,.01745,0.00,0.02
RP_T04_EnterDetails/openmrs/coreapps/clinicianfacing/patient.page-102-10,3,463,284,830,830,830,275,830,0.000%,.01745,0.05,0.02
RP_T04_EnterDetails/openmrs/coreapps/clinicianfacing/patient.page-102-11,3,1141,1002,1426,1426,1426,996,1426,0.000%,.01738,1.50,0.02
RP_T04_EnterDetails/openmrs/coreapps/clinicianfacing/patient.page-102-12,3,532,284,1030,1030,1030,284,1030,0.000%,.01745,0.23,0.02
RP_T04_EnterDetails/openmrs/coreapps/clinicianfacing/patient.page-102-13,3,954,1001,1028,1028,1028,835,1028,0.000%,.01738,0.02,0.02
RP_T04_EnterDetails/openmrs/coreapps/clinicianfacing/patient.page-102-14,3,1187,1279,1742,1742,1742,540,1742,0.000%,.01737,0.51,0.02
RP_T04_EnterDetails/openmrs/coreapps/clinicianfacing/patient.page-102-15,3,669,730,1000,1000,1000,279,1000,0.000%,.01740,0.10,0.02
RP_T04_EnterDetails/openmrs/coreapps/clinicianfacing/patient.page-102-16,3,1852,1279,3187,3187,3187,1091,3187,0.000%,.01740,2.72,0.02
RP_T04_EnterDetails/openmrs/coreapps/clinicianfacing/patient.page-102-17,3,349,309,460,460,460,278,460,0.000%,.01746,0.00,0.02
RP_T04_EnterDetails/openmrs/coreapps/clinicianfacing/patient.page-102-18,3,362,338,440,440,440,308,440,0.000%,.01748,0.00,0.02
RP_T04_EnterDetails/openmrs/coreapps/clinicianfacing/patient.page-102-19,3,552,371,1003,1003,1003,283,1003,0.000%,.01743,0.01,0.02
RP_T04_EnterDetails/openmrs/coreapps/clinicianfacing/patient.page-102-20,3,307,274,377,377,377,272,377,0.000%,.01746,0.02,0.02
RP_T04_EnterDetails/openmrs/coreapps/clinicianfacing/patient.page-102-21,3,309,277,375,375,375,275,375,0.000%,.01746,0.02,0.02
RP_T04_EnterDetails/openmrs/coreapps/clinicianfacing/patient.page-102-22,3,310,278,375,375,375,277,375,0.000%,.01743,0.19,0.02
RP_T04_EnterDetails/openmrs/coreapps/clinicianfacing/patient.page-102-23,3,512,544,715,715,715,278,715,0.000%,.01744,0.59,0.02
RP_T04_EnterDetails/openmrs/coreapps/clinicianfacing/patient.page-102-24,3,815,584,1316,1316,1316,547,1316,0.000%,.01743,0.59,0.02
RP_T04_EnterDetails/openmrs/coreapps/clinicianfacing/patient.page-102-25,3,299,279,346,346,346,274,346,0.000%,.01746,0.01,0.02
RP_T04_EnterDetails/openmrs/coreapps/clinicianfacing/patient.page-102-26,3,304,288,343,343,343,281,343,0.000%,.01746,0.02,0.02
RP_T04_EnterDetails/openmrs/coreapps/clinicianfacing/patient.page-102-27,3,299,278,343,343,343,277,343,0.000%,.01743,0.11,0.02
RP_T04_EnterDetails/openmrs/coreapps/clinicianfacing/patient.page-102-28,3,1888,1949,2300,2300,2300,1416,2300,0.000%,.01723,14.23,0.02
RP_T04_EnterDetails/openmrs/coreapps/clinicianfacing/patient.page-102-29,3,802,834,1027,1027,1027,546,1027,0.000%,.01740,1.63,0.02
RP_T04_EnterDetails/openmrs/coreapps/clinicianfacing/patient.page-102-30,3,825,853,1044,1044,1044,579,1044,0.000%,.01743,1.72,0.02
RP_T04_EnterDetails/openmrs/coreapps/clinicianfacing/patient.page-102-31,3,751,823,831,831,831,601,831,0.000%,.01740,1.11,0.02
RP_T04_EnterDetails/openmrs/coreapps/clinicianfacing/patient.page-102-32,3,383,303,570,570,570,278,570,0.000%,.01743,0.32,0.02
RP_T04_EnterDetails/openmrs/coreapps/clinicianfacing/patient.page-102-33,3,289,291,295,295,295,283,295,0.000%,.01746,0.03,0.02
RP_T04_EnterDetails/openmrs/coreapps/clinicianfacing/patient.page-102-34,3,291,293,309,309,309,272,309,0.000%,.01746,0.01,0.02
RP_T04_EnterDetails/openmrs/coreapps/clinicianfacing/patient.page-102-35,3,283,282,296,296,296,273,296,0.000%,.01746,0.02,0.02
RP_T04_EnterDetails/openmrs/coreapps/clinicianfacing/patient.page-102-36,3,334,283,445,445,445,276,445,0.000%,.01746,0.05,0.02
RP_T04_EnterDetails/openmrs/coreapps/clinicianfacing/patient.page-102-37,3,332,282,442,442,442,274,442,0.000%,.01744,0.01,0.02
RP_T04_EnterDetails/openmrs/coreapps/clinicianfacing/patient.page-102-38,3,337,296,442,442,442,274,442,0.000%,.01746,0.03,0.02
RP_T04_EnterDetails/openmrs/coreapps/clinicianfacing/patient.page-102-39,3,332,279,442,442,442,275,442,0.000%,.01746,0.08,0.02
RP_T04_EnterDetails/openmrs/coreapps/clinicianfacing/patient.page-102-40,3,283,282,293,293,293,276,293,0.000%,.01746,0.03,0.02
RP_T04_EnterDetails/openmrs/coreapps/clinicianfacing/patient.page-102-41,3,286,280,302,302,302,278,302,0.000%,.01746,0.01,0.02
RP_T04_EnterDetails/openmrs/coreapps/clinicianfacing/patient.page-102-42,3,315,302,359,359,359,285,359,0.000%,.01743,0.17,0.02
RP_T04_EnterDetails/openmrs/coreapps/clinicianfacing/patient.page-102-43,3,316,319,358,358,358,272,358,0.000%,.01745,0.01,0.02
RP_T04_EnterDetails/openmrs/coreapps/clinicianfacing/patient.page-102-44,3,306,300,343,343,343,276,343,0.000%,.01745,0.04,0.02
RP_T04_EnterDetails/openmrs/coreapps/clinicianfacing/patient.page-102-45,3,316,319,342,342,342,287,342,0.000%,.01745,0.05,0.02
RP_T04_EnterDetails/openmrs/coreapps/clinicianfacing/patient.page-102-46,3,300,299,327,327,327,275,327,0.000%,.01745,0.01,0.02
RP_T04_EnterDetails/openmrs/coreapps/clinicianfacing/patient.page-102-47,3,671,605,825,825,825,585,825,0.000%,.01743,2.83,0.02
RP_T04_EnterDetails/openmrs/coreapps/clinicianfacing/patient.page-102-48,3,679,582,1135,1135,1135,320,1135,0.000%,.01745,0.51,0.02
RP_T04_EnterDetails/openmrs/coreapps/clinicianfacing/patient.page-102-49,3,483,285,885,885,885,280,885,0.000%,.01743,0.08,0.02
RP_T04_EnterDetails/openmrs/coreapps/clinicianfacing/patient.page-102-50,3,281,281,289,289,289,274,289,0.000%,.01745,0.02,0.02
RP_T04_EnterDetails/openmrs/coreapps/clinicianfacing/patient.page-102-51,3,283,285,289,289,289,275,289,0.000%,.01745,0.06,0.02
RP_T04_EnterDetails/openmrs/coreapps/clinicianfacing/patient.page-102-52,3,280,279,284,284,284,277,284,0.000%,.01745,0.00,0.02
RP_T04_EnterDetails/openmrs/coreapps/clinicianfacing/patient.page-102-53,3,483,296,874,874,874,280,874,0.000%,.01745,0.00,0.02
RP_T04_EnterDetails/openmrs/coreapps/clinicianfacing/patient.page-102-54,3,279,279,281,281,281,278,281,0.000%,.01746,0.00,0.02
RP_T04_EnterDetails/openmrs/coreapps/clinicianfacing/patient.page-102-55,3,282,281,290,290,290,277,290,0.000%,.01743,0.00,0.02
RP_T04_EnterDetails/openmrs/coreapps/clinicianfacing/patient.page-102-56,3,288,291,293,293,293,280,293,0.000%,.01745,0.01,0.02
RP_T04_EnterDetails/openmrs/coreapps/clinicianfacing/patient.page-102-57,3,463,283,833,833,833,274,833,0.000%,.01745,0.01,0.02
RP_T04_EnterDetails/openmrs/coreapps/clinicianfacing/patient.page-102-58,3,279,281,283,283,283,275,283,0.000%,.01745,0.24,0.02
RP_T04_EnterDetails/openmrs/coreapps/clinicianfacing/patient.page-102-59,3,579,586,853,853,853,299,853,0.000%,.01745,3.38,0.02
RP_T04_EnterDetails/openmrs/coreapps/clinicianfacing/patient.page-102-60,3,285,280,297,297,297,278,297,0.000%,.01745,0.03,0.02
RP_T04_EnterDetails/openmrs/coreapps/clinicianfacing/patient.page-102-61,3,301,296,325,325,325,284,325,0.000%,.01746,0.02,0.02
RP_T04_EnterDetails/openmrs/coreapps/clinicianfacing/patient.page-102-62,3,289,285,313,313,313,271,313,0.000%,.01745,0.01,0.02
RP_T04_EnterDetails/openmrs/coreapps/clinicianfacing/patient.page-102-63,3,283,281,292,292,292,277,292,0.000%,.01745,0.02,0.02
RP_T04_EnterDetails/openmrs/coreapps/clinicianfacing/patient.page-102-64,3,283,279,293,293,293,278,293,0.000%,.01745,0.01,0.02
RP_T04_EnterDetails/openmrs/coreapps/clinicianfacing/patient.page-102-65,3,297,289,331,331,331,273,331,0.000%,.01745,0.01,0.02
RP_T04_EnterDetails/openmrs/coreapps/clinicianfacing/patient.page-102-66,3,279,281,282,282,282,274,282,0.000%,.01745,0.00,0.02
RP_T04_EnterDetails/openmrs/coreapps/clinicianfacing/patient.page-102-67,3,281,281,284,284,284,280,284,0.000%,.01746,0.00,0.02
RP_T04_EnterDetails/openmrs/coreapps/clinicianfacing/patient.page-102-68,3,308,281,370,370,370,275,370,0.000%,.01748,0.00,0.02
RP_T04_EnterDetails/openmrs/coreapps/clinicianfacing/patient.page-102-69,3,304,280,358,358,358,275,358,100.000%,.01745,0.02,0.02
RP_T04_EnterDetails/openmrs/coreapps/clinicianfacing/patient.page-102-70,3,301,279,352,352,352,273,352,0.000%,.01745,0.00,0.02
RP_T04_EnterDetails/openmrs/coreapps/clinicianfacing/patient.page-102-71,3,313,319,340,340,340,281,340,0.000%,.01745,0.00,0.02
RP_T04_EnterDetails/openmrs/ms/uiframework/resource/attachments/partials/gallery.html-156,3,498,425,786,786,786,284,786,0.000%,.01746,0.02,0.02
RP_T04_EnterDetails/openmrs/appui/session/getLoginLocations.action-158,3,379,426,429,429,429,284,429,0.000%,.01749,0.01,0.02
RP_T04_EnterDetails/openmrs/ws/rest/emrapi/conditionhistory-160,3,396,316,585,585,585,287,585,0.000%,.01749,0.00,0.02
RP_T04_EnterDetails/openmrs/ws/rest/v1/session-162,3,302,292,328,328,328,286,328,0.000%,.01750,0.03,0.01
SP_T05_Open_Patient_Record/openmrs/module/uicommons/messages/messages.json-114,4,4394,2892,5934,5934,5934,2889,5934,0.000%,.01594,7.15,0.01
RP_T04_EnterDetails/openmrs/ws/rest/v1/concept/5088AAAAAAAAAAAAAAAAAAAAAAAAAAAAAAAA-167,3,313,304,355,355,355,281,355,0.000%,.01749,0.02,0.02
SP_T05_Open_Patient_Record/openmrs/ws/rest/v1/concept/5089AAAAAAAAAAAAAAAAAAAAAAAAAAAAAAAA-121,4,341,295,477,477,477,287,477,0.000%,.01611,0.02,0.02
RP_T04_EnterDetails/openmrs/ws/rest/v1/concept/5087AAAAAAAAAAAAAAAAAAAAAAAAAAAAAAAA-166,3,313,290,369,369,369,282,369,0.000%,.01749,0.02,0.02
SP_T05_Open_Patient_Record/openmrs/ws/rest/v1/encounter-122,4,298,292,313,313,313,290,313,0.000%,.01611,0.00,0.02
RP_T04_EnterDetails/openmrs/ws/rest/v1/session-165,3,388,296,584,584,584,284,584,0.000%,.01749,0.03,0.01
SP_T05_Open_Patient_Record/openmrs/ws/rest/v1/obs-124,3,302,292,328,328,328,287,328,0.000%,.01797,0.00,0.02
RP_T04_EnterDetails/openmrs/ws/rest/v1/latestobs-164,3,498,321,874,874,874,301,874,0.000%,.01743,0.00,0.02
SP_T05_Open_Patient_Record/openmrs/ws/rest/v1/visit-125,3,286,286,290,290,290,283,290,0.000%,.01797,0.00,0.02
RP_T04_EnterDetails/openmrs/ws/rest/v1/concept/5089AAAAAAAAAAAAAAAAAAAAAAAAAAAAAAAA-168,3,358,288,505,505,505,281,505,0.000%,.01743,0.02,0.02
SP_T05_Open_Patient_Record/openmrs/ws/rest/v1/concept/5089AAAAAAAAAAAAAAAAAAAAAAAAAAAAAAAA-123,3,322,323,358,358,358,286,358,0.000%,.01796,0.01,0.02
SP_T05_Open_Patient_Record/openmrs/ws/rest/v1/session-126,3,577,328,1105,1105,1105,299,1105,0.000%,.01796,0.03,0.02
SP_T05_Open_Patient_Record/openmrs/ws/rest/v1/relationship-127,3,316,328,328,328,328,294,328,0.000%,.01805,0.00,0.02
SP_T05_Open_Patient_Record/openmrs/ws/rest/v1/relationshiptype-128,3,382,290,571,571,571,285,571,0.000%,.01805,0.06,0.02
RP_T04_EnterDetails/openmrs/module/uicommons/messages/messages.json-161,3,4486,2582,8860,8860,8860,2018,8860,0.000%,.01660,7.45,0.01
SP_T05_Open_Patient_Record/openmrs/uicommons/messages/get.action-129,3,330,332,372,372,372,286,372,0.000%,.01808,0.01,0.02
RP_T04_EnterDetails/openmrs/ws/rest/v1/concept/5089AAAAAAAAAAAAAAAAAAAAAAAAAAAAAAAA-170,3,337,332,363,363,363,318,363,0.000%,.01676,0.01,0.02
RP_T04_EnterDetails/openmrs/ws/rest/v1/visit-172,3,353,328,408,408,408,325,408,0.000%,.01676,0.00,0.02
SP_T05_Open_Patient_Record/openmrs/uicommons/messages/get.action-130,3,325,285,408,408,408,282,408,0.000%,.01809,0.02,0.02
SP_T05_Open_Patient_Record/openmrs/ws/rest/v1/obs-131,3,299,288,326,326,326,285,326,0.000%,.01810,0.00,0.02
RP_T04_EnterDetails/openmrs/ws/rest/v1/obs-171,3,315,328,329,329,329,288,329,0.000%,.01677,0.00,0.02
RP_T04_EnterDetails/openmrs/ws/rest/v1/encounter-169,3,343,324,411,411,411,296,411,0.000%,.01678,0.00,0.02
SP_T05_Open_Patient_Record/openmrs/ms/uiframework/resource/coreapps/partials/clickToEditObs.html-132,3,343,335,412,412,412,282,412,0.000%,.01811,0.06,0.02
SP_T05_Open_Patient_Record/openmrs/uicommons/messages/get.action-133,3,348,359,404,404,404,283,404,0.000%,.01811,0.01,0.02
RP_T04_EnterDetails/openmrs/ws/rest/v1/session-173,3,353,361,408,408,408,290,408,0.000%,.01679,0.03,0.01
RP_T04_EnterDetails/openmrs/ws/rest/v1/relationship-174,3,331,294,410,410,410,291,410,0.000%,.01680,0.00,0.02
SP_T05_Open_Patient_Record/openmrs/attachments/clientConfig/get.action-134,3,360,372,411,411,411,299,411,0.000%,.01812,0.01,0.02
SP_T05_Open_Patient_Record/openmrs/ws/rest/v1/session-135,3,370,410,412,412,412,289,412,0.000%,.01814,0.00,0.02
RP_T04_EnterDetails/openmrs/uicommons/messages/get.action-176,3,327,286,411,411,411,284,411,0.000%,.01681,0.01,0.02
SP_T05_Open_Patient_Record/openmrs/module/uicommons/messages/messages.json-137,3,341,338,410,410,410,277,410,0.000%,.01815,0.00,0.02
RP_T04_EnterDetails/openmrs/uicommons/messages/get.action-177,3,321,323,363,363,363,279,363,0.000%,.01681,0.02,0.02
RP_T04_EnterDetails/openmrs/ws/rest/v1/relationshiptype-175,3,363,392,409,409,409,289,409,0.000%,.01680,0.05,0.01
SP_T05_Open_Patient_Record/openmrs/ws/rest/v1/obs-139,3,327,298,394,394,394,290,394,0.000%,.01814,0.00,0.02
SP_T05_Open_Patient_Record/openmrs/module/uicommons/messages/messages.json-141,3,315,288,377,377,377,280,377,0.000%,.01816,0.00,0.02
RP_T04_EnterDetails/openmrs/ws/rest/v1/obs-178,3,321,310,367,367,367,286,367,0.000%,.01681,0.00,0.02
RP_T04_EnterDetails/openmrs/ms/uiframework/resource/coreapps/partials/clickToEditObs.html-179,3,325,291,410,410,410,276,410,0.000%,.01681,0.05,0.01
RP_T04_EnterDetails/openmrs/uicommons/messages/get.action-180,3,323,283,411,411,411,276,411,0.000%,.01681,0.01,0.02
RP_T04_EnterDetails/openmrs/module/uicommons/messages/messages.json-184,3,280,282,286,286,286,274,286,0.000%,.01681,0.00,0.01
RP_T04_EnterDetails/openmrs/attachments/clientConfig/get.action-181,3,350,370,378,378,378,303,378,0.000%,.01680,0.01,0.01
RP_T04_EnterDetails/openmrs/ws/rest/v1/session-182,3,293,293,305,305,305,283,305,0.000%,.01680,0.00,0.01
RP_T04_EnterDetails/openmrs/ws/rest/v1/obs-187,3,314,290,366,366,366,286,366,0.000%,.01680,0.00,0.02
RP_T04_EnterDetails/openmrs/ws/rest/v1/session-188,3,337,337,367,367,367,308,367,0.000%,.01680,0.00,0.01
SP_T05_Open_Patient_Record/openmrs/module/uicommons/messages/messages.json-136,3,2235,2049,2712,2712,2712,1946,2712,0.000%,.01797,8.07,0.02
RP_T04_EnterDetails/openmrs/module/uicommons/messages/messages.json-186,3,323,330,365,365,365,276,365,0.000%,.01680,0.00,0.01
SP_T05_Open_Patient_Record/openmrs/module/uicommons/messages/messages.json-142,3,293,283,321,321,321,276,321,0.000%,.01817,0.00,0.02
SP_T05_Open_Patient_Record/openmrs/ws/rest/v1/session-140,3,461,311,784,784,784,288,784,0.000%,.01816,0.00,0.02
SP_T05_Open_Patient_Record/openmrs/module/uicommons/messages/messages.json-144,3,279,280,283,283,283,276,283,0.000%,.01822,0.00,0.02
SP_T05_Open_Patient_Record/openmrs/module/uicommons/messages/messages.json-145,3,356,283,510,510,510,277,510,0.000%,.01822,0.00,0.02
SP_T05_Open_Patient_Record/openmrs/ws/rest/v1/session-146,3,305,294,333,333,333,290,333,0.000%,.01822,0.00,0.02
SP_T05_Open_Patient_Record/openmrs/module/uicommons/messages/messages.json-147,3,323,282,408,408,408,279,408,0.000%,.01822,0.00,0.02
RP_T04_EnterDetails/openmrs/module/uicommons/messages/messages.json-183,3,2995,3290,3614,3614,3614,2083,3614,0.000%,.01649,7.40,0.01
RP_T04_EnterDetails/openmrs/module/uicommons/messages/messages.json-189,3,369,366,407,407,407,336,407,0.000%,.01665,0.00,0.01
SP_T05_Open_Patient_Record/openmrs/ws/rest/v1/session-148,3,343,334,408,408,408,289,408,0.000%,.01823,0.00,0.02
SP_T05_Open_Patient_Record/openmrs/module/uicommons/messages/messages.json-149,3,283,281,291,291,291,278,291,0.000%,.01825,0.00,0.02
RP_T04_EnterDetails/openmrs/ws/rest/v1/session-190,3,287,288,294,294,294,281,294,0.000%,.01666,0.00,0.01
SP_T05_Open_Patient_Record/openmrs/module/uicommons/messages/messages.json-150,3,342,325,418,418,418,283,418,0.000%,.01824,0.00,0.02
RP_T04_EnterDetails/openmrs/module/uicommons/messages/messages.json-191,3,345,335,415,415,415,285,415,0.000%,.01665,0.00,0.01
Search_Patient_T05_Open_Patient_Record,3,24449,23173,27601,27601,27601,22575,27601,0.000%,.01602,39.75,1.72
RP_T04_EnterDetails/openmrs/module/uicommons/messages/messages.json-192,3,280,279,285,285,285,276,285,0.000%,.01666,0.00,0.01
RP_T04_EnterDetails/openmrs/ws/rest/v1/session-193,3,306,316,325,325,325,279,325,0.000%,.01666,0.00,0.01
RP_T04_EnterDetails/openmrs/module/uicommons/messages/messages.json-194,3,284,286,287,287,287,280,287,0.000%,.01666,0.00,0.01
RP_T04_EnterDetails/openmrs/module/uicommons/messages/messages.json-195,3,321,280,410,410,410,274,410,0.000%,.01666,0.00,0.01
RP_T04_EnterDetails/openmrs/module/uicommons/messages/messages.json-196,3,321,279,411,411,411,274,411,0.000%,.01666,0.00,0.01
Patient_Registration_T04_EnterDetails,3,32262,31673,36845,36845,36845,28270,36845,0.000%,.01442,42.06,1.97
SP_T06_Logout/openmrs/appui/header/logout.action-151,3,4029,4039,4123,4123,4123,3926,4123,0.000%,.01786,0.29,0.44
SP_T06_Logout/openmrs/appui/header/logout.action-151-0,3,460,423,568,568,568,390,568,0.000%,.01824,0.01,0.02
SP_T06_Logout/openmrs/appui/header/logout.action-151-1,3,277,274,285,285,285,273,285,0.000%,.01826,0.01,0.02
SP_T06_Logout/openmrs/appui/header/logout.action-151-2,3,355,371,383,383,383,313,383,0.000%,.01824,0.01,0.02
SP_T06_Logout/openmrs/appui/header/logout.action-151-3,3,637,615,726,726,726,571,726,0.000%,.01822,0.01,0.02
SP_T06_Logout/openmrs/appui/header/logout.action-151-4,3,345,320,410,410,410,307,410,0.000%,.01826,0.21,0.02
SP_T06_Logout/openmrs/appui/header/logout.action-151-5,3,706,906,927,927,927,287,927,0.000%,.01820,0.00,0.02
SP_T06_Logout/openmrs/appui/header/logout.action-151-6,3,314,288,368,368,368,288,368,0.000%,.01827,0.00,0.02
SP_T06_Logout/openmrs/appui/header/logout.action-151-7,3,963,962,1020,1020,1020,907,1020,0.000%,.01820,0.00,0.02
SP_T06_Logout/openmrs/appui/header/logout.action-151-8,3,557,368,1019,1019,1019,284,1019,0.000%,.01827,0.00,0.02
SP_T06_Logout/openmrs/appui/header/logout.action-151-9,3,707,906,942,942,942,274,942,0.000%,.01820,0.00,0.02
SP_T06_Logout/openmrs/appui/header/logout.action-151-10,3,712,905,955,955,955,276,955,0.000%,.01820,0.00,0.02
SP_T06_Logout/openmrs/appui/header/logout.action-151-11,3,959,952,1020,1020,1020,905,1020,0.000%,.01820,0.00,0.02
SP_T06_Logout/openmrs/appui/header/logout.action-151-12,3,750,950,1018,1018,1018,284,1018,0.000%,.01827,0.00,0.02
SP_T06_Logout/openmrs/appui/header/logout.action-151-13,3,531,285,1032,1032,1032,278,1032,0.000%,.01818,0.00,0.02
SP_T06_Logout/openmrs/appui/header/logout.action-151-14,3,787,1032,1046,1046,1046,285,1046,100.000%,.01818,0.00,0.02
SP_T06_Logout/openmrs/appui/header/logout.action-151-15,3,282,279,290,290,290,279,290,0.000%,.01827,0.00,0.02
SP_T06_Logout/openmrs/appui/header/logout.action-151-16,3,296,286,327,327,327,276,327,0.000%,.01823,0.00,0.02
SP_T06_Logout/openmrs/appui/header/logout.action-151-17,3,586,467,1013,1013,1013,280,1013,0.000%,.01815,0.00,0.02
SP_T06_Logout/openmrs/appui/header/logout.action-151-18,3,578,452,1014,1014,1014,270,1014,0.000%,.01815,0.00,0.02
SP_T06_Logout/openmrs/appui/header/logout.action-151-19,3,575,444,1007,1007,1007,276,1007,0.000%,.01815,0.00,0.02
SP_T06_Logout/openmrs/appui/header/logout.action-151-20,3,523,409,887,887,887,273,887,0.000%,.01827,0.00,0.02
SP_T06_Logout/openmrs/appui/header/logout.action-151-21,3,986,1012,1020,1020,1020,927,1020,0.000%,.01820,0.00,0.02
SP_T06_Logout/openmrs/appui/header/logout.action-151-22,3,737,915,1012,1012,1012,286,1012,100.000%,.01820,0.02,0.02
SP_T06_Logout/openmrs/appui/header/logout.action-151-23,3,747,916,1015,1015,1015,311,1015,0.000%,.01823,0.00,0.02
RP_T05_Logout/openmrs/appui/header/logout.action-197,3,3946,4099,4194,4194,4194,3546,4194,0.000%,.01631,0.27,0.40
RP_T05_Logout/openmrs/appui/header/logout.action-197-0,3,364,386,413,413,413,295,413,0.000%,.01666,0.01,0.02
RP_T05_Logout/openmrs/appui/header/logout.action-197-1,3,424,389,615,615,615,269,615,0.000%,.01664,0.01,0.02
RP_T05_Logout/openmrs/appui/header/logout.action-197-2,3,313,308,334,334,334,297,334,0.000%,.01663,0.00,0.02
RP_T05_Logout/openmrs/appui/header/logout.action-197-3,3,627,583,761,761,761,539,761,0.000%,.01661,0.01,0.02
RP_T05_Logout/openmrs/appui/header/logout.action-197-4,3,334,338,339,339,339,326,339,0.000%,.01665,0.19,0.02
RP_T05_Logout/openmrs/appui/header/logout.action-197-5,3,714,737,849,849,849,556,849,0.000%,.01660,0.00,0.02
RP_T05_Logout/openmrs/appui/header/logout.action-197-6,3,603,554,849,849,849,406,849,0.000%,.01660,0.00,0.02
RP_T05_Logout/openmrs/appui/header/logout.action-197-7,3,573,285,1154,1154,1154,280,1154,0.000%,.01665,0.00,0.02
RP_T05_Logout/openmrs/appui/header/logout.action-197-8,3,518,406,868,868,868,280,868,0.000%,.01660,0.00,0.02
RP_T05_Logout/openmrs/appui/header/logout.action-197-9,3,755,880,980,980,980,407,980,0.000%,.01660,0.00,0.02
RP_T05_Logout/openmrs/appui/header/logout.action-197-10,3,746,852,980,980,980,406,980,0.000%,.01660,0.00,0.02
RP_T05_Logout/openmrs/appui/header/logout.action-197-11,3,1012,851,1451,1451,1451,735,1451,0.000%,.01660,0.00,0.02
RP_T05_Logout/openmrs/appui/header/logout.action-197-12,3,959,875,1154,1154,1154,849,1154,0.000%,.01660,0.00,0.02
RP_T05_Logout/openmrs/appui/header/logout.action-197-13,3,1061,1156,1158,1158,1158,869,1158,0.000%,.01660,0.00,0.02
RP_T05_Logout/openmrs/appui/header/logout.action-197-14,3,402,330,595,595,595,281,595,100.000%,.01660,0.00,0.02
RP_T05_Logout/openmrs/appui/header/logout.action-197-15,3,501,330,890,890,890,284,890,0.000%,.01662,0.00,0.02
RP_T05_Logout/openmrs/appui/header/logout.action-197-16,3,774,889,1156,1156,1156,278,1156,0.000%,.01662,0.00,0.02
RP_T05_Logout/openmrs/appui/header/logout.action-197-17,3,323,276,417,417,417,276,417,0.000%,.01665,0.00,0.02
RP_T05_Logout/openmrs/appui/header/logout.action-197-18,3,323,282,417,417,417,271,417,0.000%,.01665,0.00,0.02
RP_T05_Logout/openmrs/appui/header/logout.action-197-19,3,774,859,1047,1047,1047,416,1047,0.000%,.01661,0.00,0.02
RP_T05_Logout/openmrs/appui/header/logout.action-197-20,3,769,846,1045,1045,1045,416,1045,0.000%,.01661,0.00,0.02
RP_T05_Logout/openmrs/appui/header/logout.action-197-21,3,524,409,879,879,879,286,879,0.000%,.01665,0.00,0.02
RP_T05_Logout/openmrs/appui/header/logout.action-197-22,3,533,410,909,909,909,280,909,100.000%,.01660,0.02,0.02
RP_T05_Logout/openmrs/appui/header/logout.action-197-23,3,322,284,409,409,409,275,409,0.000%,.01668,0.00,0.02
SP_T06_Logout/openmrs/-152,3,2422,2600,2879,2879,2879,1788,2879,0.000%,.01811,0.28,0.36
SP_T06_Logout/openmrs/-152-0,3,309,302,329,329,329,296,329,0.000%,.01827,0.01,0.01
SP_T06_Logout/openmrs/-152-1,3,547,541,828,828,828,272,828,0.000%,.01827,0.01,0.01
SP_T06_Logout/openmrs/-152-2,3,370,367,405,405,405,339,405,0.000%,.01829,0.21,0.01
SP_T06_Logout/openmrs/-152-3,3,345,341,409,409,409,287,409,0.000%,.01830,0.00,0.02
SP_T06_Logout/openmrs/-152-4,3,346,341,409,409,409,290,409,0.000%,.01830,0.00,0.02
SP_T06_Logout/openmrs/-152-5,3,345,341,409,409,409,286,409,0.000%,.01830,0.00,0.02
SP_T06_Logout/openmrs/-152-6,3,346,341,409,409,409,289,409,0.000%,.01830,0.00,0.02
SP_T06_Logout/openmrs/-152-7,3,699,409,1411,1411,1411,279,1411,0.000%,.01830,0.00,0.02
SP_T06_Logout/openmrs/-152-8,3,697,409,1411,1411,1411,272,1411,0.000%,.01830,0.00,0.02
SP_T06_Logout/openmrs/-152-9,3,345,341,409,409,409,287,409,0.000%,.01830,0.00,0.02
SP_T06_Logout/openmrs/-152-10,3,702,409,1412,1412,1412,287,1412,0.000%,.01830,0.00,0.02
SP_T06_Logout/openmrs/-152-11,3,320,275,414,414,414,273,414,0.000%,.01831,0.00,0.02
SP_T06_Logout/openmrs/-152-12,3,324,283,414,414,414,275,414,100.000%,.01831,0.00,0.02
SP_T06_Logout/openmrs/-152-13,3,324,284,414,414,414,274,414,0.000%,.01830,0.00,0.02
SP_T06_Logout/openmrs/-152-14,3,545,284,1070,1070,1070,282,1070,0.000%,.01830,0.00,0.02
SP_T06_Logout/openmrs/-152-15,3,548,289,1070,1070,1070,286,1070,0.000%,.01830,0.00,0.02
SP_T06_Logout/openmrs/-152-16,3,503,326,901,901,901,284,901,0.000%,.01835,0.00,0.02
SP_T06_Logout/openmrs/-152-17,3,502,325,901,901,901,282,901,0.000%,.01835,0.00,0.02
SP_T06_Logout/openmrs/-152-18,3,501,321,903,903,903,281,903,0.000%,.01835,0.00,0.02
SP_T06_Logout/openmrs/-152-19,3,314,329,340,340,340,273,340,0.000%,.01836,0.00,0.02
SP_T06_Logout/openmrs/-152-20,3,313,329,340,340,340,271,340,100.000%,.01836,0.02,0.02
SP_T06_Logout/openmrs/-152-21,3,312,329,330,330,330,277,330,0.000%,.01836,0.00,0.02
RP_T05_Logout/openmrs/-198,3,2850,2956,3528,3528,3528,2068,3528,0.000%,.01649,0.26,0.33
RP_T05_Logout/openmrs/-198-0,3,398,403,499,499,499,294,499,0.000%,.01665,0.00,0.01
RP_T05_Logout/openmrs/-198-1,3,539,658,689,689,689,272,689,0.000%,.01667,0.01,0.01
RP_T05_Logout/openmrs/-198-2,3,324,320,340,340,340,314,340,0.000%,.01670,0.19,0.01
RP_T05_Logout/openmrs/-198-3,3,341,302,440,440,440,283,440,0.000%,.01670,0.00,0.02
RP_T05_Logout/openmrs/-198-4,3,343,302,443,443,443,286,443,0.000%,.01670,0.00,0.02
RP_T05_Logout/openmrs/-198-5,3,434,442,560,560,560,302,560,0.000%,.01670,0.00,0.02
RP_T05_Logout/openmrs/-198-6,3,342,302,441,441,441,284,441,0.000%,.01670,0.00,0.02
RP_T05_Logout/openmrs/-198-7,3,343,302,442,442,442,287,442,0.000%,.01670,0.00,0.02
RP_T05_Logout/openmrs/-198-8,3,583,302,1159,1159,1159,289,1159,0.000%,.01670,0.00,0.02
RP_T05_Logout/openmrs/-198-9,3,635,442,1161,1161,1161,302,1161,0.000%,.01670,0.00,0.02
RP_T05_Logout/openmrs/-198-10,3,856,1109,1157,1157,1157,302,1157,0.000%,.01670,0.00,0.02
RP_T05_Logout/openmrs/-198-11,3,1020,853,1809,1809,1809,399,1809,0.000%,.01667,0.00,0.02
RP_T05_Logout/openmrs/-198-12,3,321,292,398,398,398,274,398,100.000%,.01672,0.00,0.01
RP_T05_Logout/openmrs/-198-13,3,805,840,864,864,864,711,864,0.000%,.01666,0.00,0.02
RP_T05_Logout/openmrs/-198-14,3,519,399,865,865,865,293,865,0.000%,.01672,0.00,0.02
RP_T05_Logout/openmrs/-198-15,3,427,288,711,711,711,283,711,0.000%,.01672,0.00,0.02
RP_T05_Logout/openmrs/-198-16,3,740,854,970,970,970,398,970,0.000%,.01667,0.00,0.02
RP_T05_Logout/openmrs/-198-17,3,293,283,315,315,315,283,315,0.000%,.01676,0.00,0.02
RP_T05_Logout/openmrs/-198-18,3,487,312,876,876,876,275,876,0.000%,.01670,0.00,0.02
RP_T05_Logout/openmrs/-198-19,3,395,301,611,611,611,275,611,0.000%,.01673,0.00,0.02
RP_T05_Logout/openmrs/-198-20,3,395,291,610,610,610,284,610,100.000%,.01673,0.02,0.01
RP_T05_Logout/openmrs/-198-21,3,343,319,420,420,420,291,420,0.000%,.01676,0.00,0.02
SP_T06_Logout/openmrs/login.htm-153,3,1696,1541,2333,2333,2333,1214,2333,0.000%,.01826,0.27,0.32
SP_T06_Logout/openmrs/login.htm-153-0,3,339,321,381,381,381,316,381,0.000%,.01835,0.21,0.02
SP_T06_Logout/openmrs/login.htm-153-1,3,332,287,432,432,432,279,432,0.000%,.01836,0.00,0.02
SP_T06_Logout/openmrs/login.htm-153-2,3,332,288,434,434,434,275,434,0.000%,.01836,0.00,0.02
SP_T06_Logout/openmrs/login.htm-153-3,3,331,286,433,433,433,275,433,0.000%,.01836,0.00,0.02
SP_T06_Logout/openmrs/login.htm-153-4,3,340,296,432,432,432,293,432,0.000%,.01835,0.00,0.02
SP_T06_Logout/openmrs/login.htm-153-5,3,420,432,548,548,548,281,548,0.000%,.01836,0.00,0.02
SP_T06_Logout/openmrs/login.htm-153-6,3,421,432,547,547,547,284,547,0.000%,.01836,0.00,0.02
SP_T06_Logout/openmrs/login.htm-153-7,3,429,434,583,583,583,272,583,0.000%,.01836,0.00,0.02
SP_T06_Logout/openmrs/login.htm-153-8,3,427,433,566,566,566,283,566,0.000%,.01836,0.00,0.02
SP_T06_Logout/openmrs/login.htm-153-9,3,319,283,404,404,404,272,404,0.000%,.01838,0.00,0.02
SP_T06_Logout/openmrs/login.htm-153-10,3,535,400,935,935,935,271,935,100.000%,.01837,0.00,0.02
SP_T06_Logout/openmrs/login.htm-153-11,3,743,933,1015,1015,1015,282,1015,0.000%,.01837,0.00,0.02
SP_T06_Logout/openmrs/login.htm-153-12,3,730,918,1000,1000,1000,272,1000,0.000%,.01837,0.00,0.02
SP_T06_Logout/openmrs/login.htm-153-13,3,353,378,401,401,401,282,401,0.000%,.01837,0.00,0.02
SP_T06_Logout/openmrs/login.htm-153-14,3,355,378,405,405,405,284,405,0.000%,.01837,0.00,0.02
SP_T06_Logout/openmrs/login.htm-153-15,3,348,367,399,399,399,280,399,0.000%,.01837,0.00,0.02
SP_T06_Logout/openmrs/login.htm-153-16,3,351,359,405,405,405,289,405,0.000%,.01837,0.00,0.02
SP_T06_Logout/openmrs/login.htm-153-17,3,591,343,1155,1155,1155,277,1155,0.000%,.01839,0.00,0.02
SP_T06_Logout/openmrs/login.htm-153-18,3,575,284,1170,1170,1170,273,1170,100.000%,.01839,0.02,0.01
SP_T06_Logout/openmrs/login.htm-153-19,3,573,295,1152,1152,1152,273,1152,0.000%,.01839,0.00,0.02
Search_Patient_T06_Logout,3,8147,8543,8972,8972,8972,6928,8972,0.000%,.01755,0.82,1.09
RP_T05_Logout/openmrs/login.htm-199,3,1920,1781,2574,2574,2574,1405,2574,0.000%,.01663,0.25,0.29
RP_T05_Logout/openmrs/login.htm-199-0,3,364,344,409,409,409,340,409,0.000%,.01673,0.19,0.01
RP_T05_Logout/openmrs/login.htm-199-1,3,306,289,355,355,355,276,355,0.000%,.01673,0.00,0.01
RP_T05_Logout/openmrs/login.htm-199-2,3,543,291,1065,1065,1065,275,1065,0.000%,.01673,0.00,0.01
RP_T05_Logout/openmrs/login.htm-199-3,3,582,355,1099,1099,1099,294,1099,0.000%,.01673,0.00,0.01
RP_T05_Logout/openmrs/login.htm-199-4,3,729,835,1065,1065,1065,288,1065,0.000%,.01673,0.00,0.02
RP_T05_Logout/openmrs/login.htm-199-5,3,547,289,1066,1066,1066,287,1066,0.000%,.01673,0.00,0.01
RP_T05_Logout/openmrs/login.htm-199-6,3,491,355,833,833,833,285,833,0.000%,.01673,0.00,0.01
RP_T05_Logout/openmrs/login.htm-199-7,3,579,355,1102,1102,1102,281,1102,0.000%,.01673,0.00,0.01
RP_T05_Logout/openmrs/login.htm-199-8,3,814,1066,1101,1101,1101,277,1101,0.000%,.01673,0.00,0.02
RP_T05_Logout/openmrs/login.htm-199-9,3,308,279,372,372,372,274,372,0.000%,.01672,0.00,0.02
RP_T05_Logout/openmrs/login.htm-199-10,3,501,369,848,848,848,286,848,100.000%,.01673,0.00,0.01
RP_T05_Logout/openmrs/login.htm-199-11,3,323,312,366,366,366,292,366,0.000%,.01673,0.00,0.01
RP_T05_Logout/openmrs/login.htm-199-12,3,304,276,362,362,362,276,362,0.000%,.01675,0.00,0.01
RP_T05_Logout/openmrs/login.htm-199-13,3,361,359,434,434,434,292,434,0.000%,.01675,0.00,0.02
RP_T05_Logout/openmrs/login.htm-199-14,3,356,360,432,432,432,276,432,0.000%,.01678,0.00,0.02
RP_T05_Logout/openmrs/login.htm-199-15,3,353,359,424,424,424,277,424,0.000%,.01678,0.00,0.01
RP_T05_Logout/openmrs/login.htm-199-16,3,580,398,990,990,990,354,990,0.000%,.01678,0.00,0.01
RP_T05_Logout/openmrs/login.htm-199-17,3,327,292,413,413,413,278,413,0.000%,.01674,0.00,0.02
RP_T05_Logout/openmrs/login.htm-199-18,3,614,413,1127,1127,1127,303,1127,100.000%,.01676,0.02,0.01
RP_T05_Logout/openmrs/login.htm-199-19,3,604,413,1124,1124,1124,277,1124,0.000%,.01676,0.00,0.01
Patient_Registration_T05_Logout,3,8717,8855,9629,9629,9629,7667,9629,0.000%,.01600,0.75,1.00
TOTAL,2071,892,341,1481,2661,7679,269,36845,4.008%,6.88365,323.07,17.82
